id,core_issue
1,Micro-credential programs in higher education
2,Enhancing guest safety post-pandemic
3,Shift towards formational theological education
4,Standardized procedures to reduce copyright infringement
5,AI technologies in higher education for student performance
6,High costs of data breaches and outages
7,Decline in bachelor's degrees in education
8,Advanced E-Discovery program at Liberty University
9,Addressing mental health in higher education
10,Navigating macroeconomic challenges in universities
11,NFTs and online media in sports engagement
12,Biden administration's focus on workforce development
13,Final regulations for Title IX impacting education
14,Leveraging student social media influencers in universities
15,Supporting digital scholarship in research universities
16,NCAA regulatory changes on student aid limits
17,Need for enhanced telehealth training programs
18,Intensifying social media presence for Liberty University
19,Infrastructure upgrades in higher education institutions
20,Integration of AI and data analytics in higher education
21,Enhancing program quality and expanding offerings in higher education
22,Implementing technological enhancements for student engagement
23,Shift towards job and workforce training degrees
24,Increasing demand for graduates from Construction Management programs
25,Data security and legislative demands in higher education
26,Cultural competency and inclusion in higher education
27,Impact of student services programs on retention and completion rates
28,Enrollment statistics in higher education institutions
29,Strategic partnerships between Christian and non-Christian higher education institutions
30,Diversifying premium seating options in universities
31,Preventive maintenance practices in the U.S. and internationally
32,Emphasis on human factors and soft skills in aviation training
33,Transformation of anatomy education through mobile apps
34,Enhancement of anatomical education through CT scans
35,Addressing the digital divide in educational institutions
36,Donor engagement and trends in the higher education sector
37,"Supporting students with disabilities, especially during the COVID-19 pandemic"
38,Growing demand for IT skills through certificate programs
39,Revolutionizing higher education with AI
40,Value of short-term industry certificates in enhancing job prospects
41,Rising college tuition and financial pressures
42,Increasing psychological distress among college students
43,Internationalization of education through place-based partnerships
44,Importance of experiential elements in the hospitality industry
45,Lack of diversity among graduate psychology students and faculty
46,Challenges posed by new Gainful Employment regulations
47,Need for trade school or apprenticeship program in Lynchburg
48,Increasing adoption of digital game-based learning methods
49,Potential deregulatory changes in NCAA athletic aid
50,Projected decline in college-aged freshmen and enrollment challenges
51,Impact of state taxation laws on online education
52,Increase in contract job listings and flexible working conditions
53,Adaptation of colleges to new media trends for student and staff experiences
54,Support services for disabled undergraduate students in higher education
55,Technological investments for hybrid learning models
56,Redefinition of regulations around Third Party Servicers by the U.S. Department of Education
57,Consideration of rescinding a Trump-era rule on discrimination in public colleges
58,"Role of AI, VR, AR, Digital Twins, and the Metaverse in reshaping educational systems"
59,Introduction of simulation software for improving students' skills in electronic discovery
60,Enhancement of students' engagement and learning outcomes through alumni mentoring
61,Digital payments in higher education
62,Programs leading to Virginia licensing
63,Growing emphasis on technology in education
64,College Cost Transparency Initiative
65,Role of social media in education
66,Integration of AI in education
67,Undergraduate research and mentorship in STEM
68,Involvement of former student athletes in fundraising
69,Programs for graduate student needs
70,Educational trends for 2023
71,Refining job skills in the global workforce
72,Enrollment trends at Liberty University Online
73,Safety protocols for K9 patrol vehicles
74,Tailoring curriculums for future learner needs
75,Community engagement beyond academic schedules
76,Integrating VR/AR and hybrid classrooms
77,Intracultural training in arts classrooms
78,Uncertainty in the higher education sector
79,Faculty development programs lacking theoretical models
80,Demand for psychologists in various settings
81,Public Service Loan Forgiveness (PSLF) eligibility for part-time adjunct faculty
82,Assistance in planning and managing data management projects by academic librarians
83,Reconsidering support strategies for fostering inclusivity and enhancing student connection in higher education institutions
84,Earning potential and broad benefits of higher education for college graduates
85,"Trends in higher education for 2023: student well-being, non-traditional students, skills gap"
86,Impact of digital materials on course grades compared to traditional textbooks
87,Developing future leaders through experiential learning in higher education
88,"Negative impact of multitasking behavior, especially with digital devices, on student learning outcomes"
89,New state regulations allowing individuals in Arizona and Florida to pursue teaching positions without traditional bachelor’s degrees
90,Endowment to support doctoral students in counselor education at Mercer University
