id,category,opportunity,risk
1,Technology in Education,Expanding micro-credential programs can enhance professional skills and offer growth opportunities for institutions like LU.,Dependence on high-demand sectors may limit long-term sustainability.
2,Student Support and Well-being,Enhancing guest safety measures can improve overall guest experience and satisfaction.,Failure to address guest safety concerns may lead to negative publicity and decreased patronage.
3,Diversity and Inclusion,Shifting towards formational approaches in theological education can better cater to diverse faith practices and spiritual development needs.,Resistance to change from traditional educational methods may hinder adoption of formational approaches.
4,Regulation and Governance,Standardized procedures for staff can reduce copyright infringement risks in universities.,Implementing and enforcing standardized procedures across various departments may face resistance and challenges.
5,Technology in Education,AI technologies in higher education can personalize learning experiences and improve student engagement and retention.,Overreliance on AI technologies may lead to privacy concerns and reduced human interaction in education.
6,Finance and Operations,Maintaining robust security measures is crucial to avoid costly data breaches and outages.,Investing in security measures may require significant financial resources and ongoing maintenance.
7,Workforce and Careers,Decline in bachelor's degrees in education indicates a shift in career preferences towards business and health-related disciplines.,Decrease in education degrees may lead to a shortage of qualified educators in the future.
8,Other,Liberty University's advanced E-Discovery program presents a competitive advantage in the field.,Limited benchmarking data may hinder accurate comparison with other institutions.
9,Student Support and Well-being,Addressing mental health issues in higher education can mitigate suicide ideation among students.,Integrating mental health services within virtual learning environments may face logistical and resource challenges.
10,Finance and Operations,Collaboration between finance and legal departments is essential to navigate macroeconomic challenges in universities.,Failure to collaborate effectively may result in financial instability and operational inefficiencies.
11,Enrollment and Access,Enhancing fan engagement and creating unique memorabilia opportunities,Potential oversaturation of the market leading to decreased value of NFTs
12,Workforce and Careers,Emphasizing sector-based training and support for technical skills programs,Challenge of ensuring equal access and participation for underrepresented groups
13,Regulation and Governance,Impact on educational policies and practices,Potential resistance or pushback from institutions affected by the regulations
14,Enrollment and Access,Attracting prospective students through relatable content and storytelling,Risk of misrepresentation or exaggeration in social media content
15,Technology in Education,Supporting digital scholarship across various disciplines,Challenge of integrating digital tools and resources effectively into academic programs
16,Finance and Operations,Impact on future university budgets and student aid accessibility,Potential disparities in aid distribution and allocation
17,Student Support and Well-being,Urgent need for enhanced educational programs in telehealth training,Challenge of ensuring consistent quality and ethical practices in telehealth counseling
18,Enrollment and Access,Increasing visibility and appeal to prospective students through social media,Risk of alienating older audiences or traditional marketing channels
19,Other,Meeting modern standards and needs through renovations and new facilities,Challenge of balancing historical preservation with modernization efforts
20,Technology in Education,"Integration of AI and data analytics, adoption of blended learning models",Challenge of ensuring data privacy and security in educational technology
21,Technology in Education,Enhancing program quality and expanding offerings,Faculty may require additional training in innovative teaching methods
22,Student Support and Well-being,Boosting retention rates through technological enhancements,Failure to implement technological enhancements may lead to lower retention rates
23,Workforce and Careers,Shifting towards job and workforce training degrees,Resistance or lack of interest in modifying savings plans for workforce training programs
24,Workforce and Careers,Increasing demand for graduates from Construction Management programs,Failure to offer specialized construction management track may result in missed opportunities
25,Regulation and Governance,Integration of stringent data protection measures into core operational processes,Non-compliance with legislative demands for data security could lead to severe penalties
26,Diversity and Inclusion,Enhancing strategies for inclusion and support based on cultural community,Policies lacking in cultural competency may disproportionately affect racially minoritized students
27,Student Support and Well-being,Improving retention and completion rates through student services programs,Ineffective implementation of student services programs may not lead to desired impact on student success
28,Enrollment and Access,Approximately 19.36 million individuals enrolled in higher education institutions in fall 2020,Ensuring access and support for the large number of enrolled individuals
29,Other,Exploring strategic partnerships between Christian and non-Christian higher education institutions,Challenges and dynamics of forming and maintaining strategic partnerships
30,Other,Diversifying premium seating options to align with modern preferences,Adapting to evolving audience expectations beyond traditional offerings
31,Workforce and Careers,Opportunity: Dedicated preventive maintenance teams can improve efficiency and reduce downtime for organizations.,Risk: Dependence on a dedicated team may lead to bottlenecks if team members are unavailable or overwhelmed.
32,Student Support and Well-being,Opportunity: Emphasizing human factors and soft skills in aviation training can enhance safety and efficiency in complex flight situations.,Risk: Balancing technical skills with soft skills may require additional resources and training time.
33,Technology in Education,Opportunity: Mobile apps for anatomy education offer interactive and detailed learning experiences for students.,Risk: Reliance on digital tools may limit hands-on learning opportunities in anatomy education.
34,Technology in Education,Opportunity: CT scans in digital dissection provide a new perspective on radiology for medical students.,Risk: Overreliance on technology may overshadow the importance of traditional anatomy education methods.
35,Diversity and Inclusion,Opportunity: Addressing the digital divide can ensure equitable access to educational resources for all students.,Risk: Implementation of support measures may require significant financial investment and resources.
36,Finance and Operations,Opportunity: Increased donor engagement through modern platforms can boost fundraising efforts for educational institutions.,Risk: Relying heavily on older donors may pose challenges in engaging younger generations in donation activities.
37,Student Support and Well-being,Opportunity: Targeted support for students with disabilities can help address mental health impacts and improve overall well-being.,Risk: Meeting the diverse needs of students with disabilities may require specialized resources and expertise.
38,Workforce and Careers,Opportunity: Certificate programs for IT skills can provide practical training in high-demand areas.,Risk: Rapidly changing technology trends may render some certificate programs outdated or irrelevant.
39,Technology in Education,Opportunity: AI in higher education can personalize learning experiences and streamline administrative processes.,Risk: Dependence on AI may raise concerns about data privacy and ethical use of technology.
40,Workforce and Careers,Opportunity: Short-term industry certificates can enhance job prospects for students and complement traditional degrees.,Risk: Perception of short-term certificates as inferior to traditional degrees may impact their value in the job market.
41,Enrollment and Access,Potential changes in enrollment decisions due to financial pressures,Rising college tuition and fees
42,Student Support and Well-being,Need for enhanced mental health services and supportive measures in educational settings,Increasing trend of psychological distress among college students
43,Other,Fostering internationalization of education through on-site blended learning models,Limited information on the effectiveness of place-based partnerships
44,Other,"Importance of ""guest-first"" experiential elements for success in the hospitality industry",Transition beyond basic amenities may be challenging
45,Diversity and Inclusion,Notable lack of diversity among graduate psychology students and faculty,"Underrepresentation of Hispanic, African American, and Asian individuals"
46,Regulation and Governance,Significant administrative challenges for educational institutions due to new Gainful Employment regulations,Complicated program evaluation and potential impact on educational outcomes
47,Workforce and Careers,Potential benefits of developing a trade school or apprenticeship program in Lynchburg,Aging workforce and limited skilled labor pool
48,Technology in Education,Increasing adoption of digital game-based learning methods across educational platforms,Need for interactive and engaging ways to enhance educational experiences
49,Finance and Operations,NCAA considering significant deregulatory changes that could include radical adjustments to athletic aid,Potential impact on financial support for student-athletes
50,Enrollment and Access,Forecasted 10% decline in college-aged freshmen by 2025-2029,Need for educational institutions to prepare for future enrollment challenges
51,Regulation and Governance,Stay informed about state taxation laws to adapt financial planning and operational strategies accordingly.,Changes in state taxation laws could potentially impact financial planning and operational strategies for educational institutions.
52,Workforce and Careers,Increased contract job listings provide opportunities for companies to reduce payroll costs and offer flexible working conditions to workers.,Companies may face challenges in managing contract workers effectively and ensuring productivity.
53,Technology in Education,Utilizing short-form videos and social platforms can enhance student and staff experiences through AI-driven content.,Adapting to new media trends may require significant investments in technology and training for colleges.
54,Diversity and Inclusion,Universities are encouraged to bolster support services for disabled students to foster inclusivity and belonging.,Providing appropriate support services and accommodations for disabled students may require additional resources and funding.
55,Technology in Education,Investing in technological advancements for hybrid learning models can ensure equal learning opportunities for both distance and traditional learners.,Significant technological investments may be needed to create immersive educational experiences for hybrid learning models.
56,Regulation and Governance,"Changes in regulations around Third Party Servicers may impact partnerships governed under Title IV, potentially increasing workload and requiring strict compliance.",Educational institutions may need to adapt to new regulations and compliance requirements for partnerships with Third Party Servicers.
57,Regulation and Governance,Consideration of rescinding a rule regarding discrimination against religious student organizations may pose regulatory complexities for public colleges.,Rescinding the rule may lead to challenges in ensuring equal treatment and opportunities for religious student organizations.
58,Technology in Education,"AI, VR, AR, Digital Twins, and the Metaverse are set to reshape educational systems and enhance student learning experiences through innovative technologies.",Implementing these innovative technologies may require significant investments and training for educational institutions.
59,Technology in Education,"Introduction of simulation software like ""ELSSA"" can improve students' skills in electronic discovery, demonstrating a practical approach to learning in modern educational settings.",Implementing simulation software may require training for educators and students to effectively utilize the technology.
60,Student Support and Well-being,Mentoring by alumni can significantly enhance current students' engagement and learning outcomes by connecting them with individuals who have navigated similar educational paths.,Establishing effective mentorship programs may require coordination and resources to ensure successful outcomes for current students.
61,Finance and Operations,Enhancing service offerings in the digital payments sector can lead to increased efficiency and convenience for students and institutions.,Reliability and competitiveness are crucial factors that can impact the success and adoption of digital payment solutions.
62,Enrollment and Access,Offering programs that lead to specific regional licensing can attract more students and meet the educational needs of the local community.,Dependence on regional licensing may limit the diversity of programs offered by the institution.
63,Technology in Education,The prevalence of hybrid and online learning models can provide students with more flexibility and access to advanced technological tools.,Ensuring successful integration of technology in education may require additional resources and training for educators.
64,Student Support and Well-being,"Improving financial aid communications can help students better understand the costs associated with higher education, leading to informed decision-making.",Lack of clarity in financial aid communications may deter students from pursuing higher education due to perceived costs.
65,Technology in Education,Adapting communication and teaching strategies to social media platforms can enhance engagement and information dissemination for education providers.,Mismanagement of social media platforms can lead to misinformation and miscommunication with students and stakeholders.
66,Student Support and Well-being,Complementing AI with human interaction in education can provide a more holistic learning experience for students.,Overreliance on AI in education may neglect the emotional and cultural aspects of learning that are essential for student development.
67,Workforce and Careers,"Encouraging undergraduate research and mentorship in STEM fields can increase student retention and interest in further studies, benefiting the future workforce in these areas.",Lack of support for hands-on learning experiences may hinder student engagement and interest in STEM fields.
68,Finance and Operations,Leveraging former student athletes in fundraising activities can potentially increase financial contributions to athletic departments and support sports programs.,Dependence on former student athletes for fundraising may limit the diversity of funding sources for athletic departments.
69,Student Support and Well-being,Designing programs to address graduate students' unique needs can foster a sense of belonging and academic support.,Failure to provide targeted programming and resources for graduate students may lead to feelings of isolation and lack of support.
70,Enrollment and Access,"Focusing on technology integration, financial sustainability, and adaptability can help institutions prepare for upcoming demographic shifts and changing student enrollment patterns.",Inadequate preparation for demographic shifts and changing learning formats may result in institutions falling behind in meeting student needs.
71,Workforce and Careers,Opportunity to adapt to rapid changes in industry demands,Risk of workforce becoming obsolete without continuous skill refinement
72,Enrollment and Access,Opportunity to analyze trends for deeper insights,Risk of not being able to sustain historic high enrollment numbers
73,Technology in Education,Opportunity to enhance operational safety protocols,Risk of potential malfunctions in explosive safety containers
74,Regulation and Governance,Opportunity to tailor curriculums to meet future needs of learners,Risk of decline in international student numbers impacting higher education
75,Student Support and Well-being,Opportunity for regular and collaborative interactions between students and community partners,Risk of limited engagement beyond traditional academic schedules
76,Technology in Education,Opportunity to transform educational experience with VR/AR and hybrid classrooms,Risk of challenges in implementing and integrating new technologies
77,Diversity and Inclusion,Opportunity to boost student engagement across various cultures,Risk of potential resistance to intracultural training
78,Finance and Operations,Opportunity to address financial sustainability and operational planning challenges,Risk of uncertainty impacting the higher education sector
79,Other,Opportunity for competency-based development in faculty programs,Risk of lack of structured theoretical models in faculty development
80,Workforce and Careers,Opportunity for growth in demand for psychologists in various settings,Risk of meeting the increasing need for psychological services
81,Regulation and Governance,Potential opportunity for part-time adjunct faculty to benefit from loan forgiveness program,Challenge of determining eligibility criteria for inclusion in the program
82,Technology in Education,Opportunity for academic librarians to enhance data management projects,Risk of increased workload and training requirements
83,Student Support and Well-being,Opportunity for institutions to foster inclusive community and enhance student connection,Challenge of implementing effective support strategies
84,Workforce and Careers,Opportunity for college graduates to earn significantly more over their careers,Risk of overlooking non-degree holders in workforce development initiatives
85,Enrollment and Access,Focus on accommodating non-traditional students and addressing skills gap,Risk of overlooking traditional student needs and preferences
86,Technology in Education,Potential opportunity for digital materials to improve course grades,Risk of digital divide impacting student access to materials
87,Student Support and Well-being,Opportunity for developing future leaders through experiential learning,Risk of students not fully engaging in hands-on application
88,Student Support and Well-being,Challenge of addressing negative impact of multitasking behavior on learning outcomes,Opportunity to implement strategies to minimize distractions in classrooms
89,Regulation and Governance,Opportunity for individuals in Arizona and Florida to pursue teaching positions without traditional bachelor’s degrees,Risk of potential impact on quality of education and teaching standards
90,Finance and Operations,Opportunity to enhance support for doctoral students in counselor education,Risk of sustainability and long-term funding for the endowment
